id;nombre;imagen;imagen_content_type
1;protocol supply-chains;../fake-data/blob/hipster.png;image/png
2;Tuna holistic violet;../fake-data/blob/hipster.png;image/png
3;e-services Bedfordshire Executive;../fake-data/blob/hipster.png;image/png
4;deliver embrace;../fake-data/blob/hipster.png;image/png
5;Bike;../fake-data/blob/hipster.png;image/png
6;calculating Automotive transmitting;../fake-data/blob/hipster.png;image/png
7;primary;../fake-data/blob/hipster.png;image/png
8;Tactics;../fake-data/blob/hipster.png;image/png
9;Intranet methodologies Functionality;../fake-data/blob/hipster.png;image/png
10;Ergonomic;../fake-data/blob/hipster.png;image/png
